review_text,rating,sentiment
"This product has completely transformed my kitchen routine! The non-stick surface works flawlessly, and cleanup is a breeze. Highly recommend to any home cook.",5,positive
"I'm absolutely thrilled with this purchase. The quality exceeded my expectations, and it arrived two days earlier than estimated.",5,positive
"Very impressed with the durability and craftsmanship. After six months of daily use, it still looks brand new.",5,positive
"The customer service team went above and beyond to help me with installation questions. I'll definitely be a repeat customer.",5,positive
"Worth every penny! I was hesitant about the price but the performance justifies the cost completely.",5,positive
"My entire family loves this product. Even my teenagers who are picky about everything gave it their seal of approval.",5,positive
"The design is both elegant and functional. I've received many compliments from guests about how beautiful it looks.",5,positive
"This has improved my productivity significantly. I wish I had discovered it years ago!",5,positive
"Exactly as described and pictured online. No surprises, just satisfaction.",4,positive
"The attention to detail is remarkable. You can tell the manufacturers really care about quality.",5,positive
"I've tried numerous similar products over the years, but this one stands head and shoulders above the rest.",5,positive
"Easy to assemble, even for someone not mechanically inclined like myself. Instructions were crystal clear.",4,positive
"The battery life is phenomenal! I only need to charge it once a week despite heavy daily use.",5,positive
"Surprisingly versatile. I've found multiple uses beyond what was advertised.",4,positive
"The app integration works seamlessly and adds tremendous value to an already great product.",5,positive
"Perfect size for my small apartment. Compact but doesn't sacrifice functionality.",4,positive
"I bought this as a gift for my mother and she calls me weekly to tell me how much she loves it.",5,positive
"Incredibly lightweight yet sturdy. I can take it anywhere without adding bulk to my bag.",5,positive
"The sound quality is exceptional, especially in this price range. Crisp highs and deep bass.",5,positive
"This has simplified my daily routine in ways I never expected. Such a time-saver!",5,positive
"Great value for money. Performs just as well as competitors at twice the price.",4,positive
"Three months in and still working perfectly. No signs of wear or performance degradation.",5,positive
"The color is even more vibrant in person than in the product photos. Really beautiful craftsmanship.",4,positive
"I'm on my second one of these - not because the first one broke, but because I loved it so much I bought another for our vacation home.",5,positive
"Extremely intuitive interface. I didn't even need to look at the manual to get started.",5,positive
"The warranty service was exceptional when I had a minor issue. They sent a replacement part immediately.",5,positive
"This product has become an essential part of my everyday routine. I can't imagine life without it now.",5,positive
"Perfect gift for tech enthusiasts. My husband was thrilled with this birthday present.",4,positive
"I was skeptical of the claims, but this product delivered on every promise. Truly impressive.",5,positive
"Energy efficient and eco-friendly packaging. I appreciate companies that think about environmental impact.",4,positive
"Fast shipping and protective packaging ensured it arrived in perfect condition.",4,positive
"The adjustable settings make this suitable for everyone in the family, from kids to grandparents.",5,positive
"This has survived multiple camping trips and still works like new. Incredibly durable.",5,positive
"Sleek, modern design that blends perfectly with my home decor.",4,positive
"The companion app is actually useful, not just a gimmick like so many others.",5,positive
"I've recommended this to all my friends and several have purchased it with the same positive experience.",5,positive
"Excellent heat distribution and retention. Perfect for slow-cooking delicate dishes.",5,positive
"The automated features save me so much time and hassle. Well worth the investment.",5,positive
"Surprisingly quiet operation despite its powerful performance. I can barely hear it running.",4,positive
"The build quality is outstanding. This is clearly made to last for many years.",5,positive
"This product has made my life so much easier. I use it daily and it never disappoints.",5,positive
"The learning curve was minimal. I was using all features confidently within an hour.",4,positive
"Customer support was responsive and knowledgeable when I had questions about advanced features.",5,positive
"Impressive range of functionality in such a compact device. Perfect for small spaces.",5,positive
"The safety features give me peace of mind, especially with young children in the house.",5,positive
"Elegant packaging made this feel like a luxury unboxing experience. Great attention to detail.",4,positive
"After researching dozens of options, I'm confident I made the right choice with this product.",5,positive
"Performs consistently every time. No surprises or fluctuations in quality.",5,positive
"The customization options are extensive. I was able to tailor it perfectly to my needs.",5,positive
"This product combines functionality with beautiful aesthetics. A rare find!",4,positive
"The materials are premium quality and feel built to last. No cheap plastic parts.",5,positive
"I was amazed at how quickly I received my order. Excellent logistics and shipping.",4,positive
"The company's commitment to quality is evident in every aspect of this product.",5,positive
"Incredibly versatile - I keep finding new ways to use it around the house.",5,positive
"This has streamlined my workflow tremendously. A fantastic productivity tool.",5,positive
"The companion app receives regular updates with useful new features.",4,positive
"Perfect balance between simplicity and functionality. Not overwhelming but still feature-rich.",5,positive
"The automatic shutdown feature has saved me multiple times when I've forgotten about it.",5,positive
"This product works seamlessly with my existing devices. No compatibility issues whatsoever.",5,positive
"I appreciate the detailed manual that covers every feature in clear language.",4,positive
"The customer service team followed up after my purchase to ensure satisfaction. Impressive!",5,positive
"This product excels in every category: performance, durability, and aesthetics.",5,positive
"Every detail has been thoughtfully designed for maximum user convenience.",5,positive
"The learning resources provided with the product were extremely helpful for getting started.",4,positive
"I've had this for over a year with daily use and it's still performing perfectly.",5,positive
"This product actually exceeded the advertised specifications in my performance tests.",5,positive
"The ergonomic design makes it comfortable to use for extended periods.",4,positive
"I'm particularly impressed with how energy-efficient this product is.",5,positive
"The setup process was quick and painless. I was up and running in minutes.",5,positive
"This has become the favorite gift I give to friends and family for special occasions.",4,positive
"The thoughtful design touches elevate this from good to exceptional.",5,positive
"Extremely precise and accurate. Perfect for tasks requiring attention to detail.",5,positive
"The versatility of this product makes it suitable for so many different situations.",4,positive
"I've never experienced any technical issues or glitches. Rock solid reliability.",5,positive
"This product has significantly reduced my stress levels. Worth every penny for the peace of mind.",5,positive
"The portability factor is amazing. I can take it anywhere with ease.",4,positive
"I'm impressed by how intuitive all the controls and features are.",5,positive
"This has withstood heavy use in a commercial environment. Extremely durable.",5,positive
"The premium feel makes using this product a joy every single time.",4,positive
"I appreciate the eco-friendly materials used in both the product and packaging.",5,positive
"This product performs equally well in all weather conditions. Very reliable.",5,positive
"The thoughtful accessories included add significant value to the package.",4,positive
"After six months of use, I've discovered features I didn't even know existed. So comprehensive!",5,positive
"This has dramatically improved the quality of my work. A game-changer for professionals.",5,positive
"The minimalist design doesn't sacrifice functionality. Everything I need, nothing I don't.",5,positive
"Great customer engagement from the company - they actually listen to user feedback.",4,positive
"This product is incredibly reliable. I've never experienced a single malfunction.",5,positive
"The consistency of performance day after day is remarkable.",5,positive
"I'm particularly impressed with how quiet this is compared to similar products.",4,positive
"For the features offered, the price point is extremely reasonable.",5,positive
"This product has stood up to some serious abuse and still works perfectly.",5,positive
"I love that it requires virtually no maintenance while delivering consistent results.",4,positive
"The companion app has a clean, intuitive interface that enhances the user experience.",5,positive
"This has simplified what used to be a complex and time-consuming task.",5,positive
"The build quality inspires confidence that this will last for years.",4,positive
"I'm amazed at how effectively this product solves a problem I've struggled with for years.",5,positive
"This has become an essential tool in my daily routine that I can't imagine living without.",5,positive
"The thoughtful safety features give me peace of mind, especially around children.",4,positive
"I was pleasantly surprised by how lightweight yet durable this product is.",5,positive
"The customer service team resolved a minor issue immediately and with genuine care.",5,positive
"This product is so efficient that it has paid for itself in saved time and resources.",5,positive
"Absolutely perfect size for my needs - not too bulky, not too small.",4,positive
"I've tried the entire product line and this model offers the best balance of features and value.",5,positive
"Fast, efficient, and reliable - exactly what I needed for my busy lifestyle.",5,positive
"I love that this product is made with sustainable materials and manufacturing processes.",4,positive
"The multifunctionality of this product has allowed me to declutter my space significantly.",5,positive
"This has held up beautifully despite daily use in challenging conditions.",5,positive
"A friend recommended this to me, and now I'm recommending it to everyone I know.",5,positive
"The customization options allow me to tailor this perfectly to my specific needs.",4,positive
"Absolutely worth the investment for the time and frustration it has saved me.",5,positive
"The elegant design adds a touch of sophistication to my home.",5,positive
"This product has made my life so much easier. I can't recommend it highly enough!",5,positive
"The quality is outstanding and it performs exactly as promised. Very satisfied!",5,positive
"This product has exceeded all my expectations! The build quality is exceptional and it performs flawlessly every time.",5,positive
"I'm amazed at how much this has simplified my daily routine. Worth every penny for the time it saves me.",5,positive
"The customer service team was incredibly responsive when I had questions. They went above and beyond to ensure my satisfaction.",5,positive
"I've purchased many similar products before, but this one stands out for its superior design and functionality.",5,positive
"Absolutely perfect for my needs. The versatility allows me to use it in ways I hadn't even considered initially.",4,positive
"The attention to detail on this product is remarkable. You can tell the designers actually use what they create.",5,positive
"This has become my go-to recommendation whenever friends ask about similar products. Nothing else compares!",5,positive
"I was hesitant about the price, but after using it for a month, I can confidently say it's worth every cent.",5,positive
"The intuitive design makes this incredibly easy to use right out of the box. No complicated setup required.",4,positive
"This product has dramatically improved my productivity. I wish I had discovered it years ago!",5,positive
"Incredibly durable construction. I've been using it heavily for six months with no signs of wear.",5,positive
"The companion app is actually useful and well-designed, unlike so many others that feel like afterthoughts.",4,positive
"Perfect size for my needs - not too bulky but substantial enough to feel premium and well-made.",5,positive
"I bought this as a gift for my partner and they haven't stopped raving about it since!",5,positive
"The battery life is phenomenal - I only need to charge it once a week despite daily use.",5,positive
"This product delivers exactly what it promises without any gimmicks or unnecessary features.",4,positive
"I'm particularly impressed with how thoughtfully designed this is for real-world use scenarios.",5,positive
"The company clearly stands behind their product. When I had a minor issue, they resolved it immediately.",5,positive
"This has simplified what used to be a complicated task in my daily routine. Huge time saver!",5,positive
"Elegant design that looks beautiful in my home while providing exceptional functionality.",4,positive
"The quality far exceeds similar products at this price point. Excellent value for money.",5,positive
"I appreciate the ecological considerations in both the product design and packaging.",5,positive
"After researching dozens of options, I'm confident I made the right choice with this one.",5,positive
"This product works seamlessly with my existing devices and setup. No compatibility issues whatsoever.",4,positive
"I'm impressed by how well-engineered every aspect of this product is. Nothing feels like an afterthought.",5,positive
"The versatility of this product makes it suitable for so many different situations and needs.",5,positive
"This has become an essential part of my daily routine that I can't imagine living without now.",5,positive
"The accuracy and precision of this product is remarkable, especially compared to competitors.",4,positive
"Surprisingly intuitive interface that required almost no learning curve to master.",5,positive
"I love that this product grows with you - as you become more proficient, you discover new features.",5,positive
"The craftsmanship is exceptional. This is clearly built to last for many years of regular use.",5,positive
"This product has transformed my approach to this task. So much more efficient now!",4,positive
"The ergonomic design makes it comfortable to use for extended periods without fatigue.",5,positive
"I appreciate the thoughtful accessories included that enhance the overall experience.",5,positive
"This has proven invaluable for my professional work. A worthy investment in my career.",5,positive
"The customer support team actually follows up to ensure continued satisfaction. Very impressive!",4,positive
"Perfect balance between simplicity for beginners and advanced features for experienced users.",5,positive
"This product maintains consistent performance regardless of conditions or duration of use.",5,positive
"I'm particularly impressed with the energy efficiency. Very eco-friendly for such powerful performance.",5,positive
"The materials used are premium quality and feel built to last through years of use.",4,positive
"This product solves a problem I've struggled with for years. Complete game-changer!",5,positive
"The engineering precision is evident in every aspect of this product's performance.",5,positive
"I love that this is both aesthetically pleasing and highly functional. No compromise on either front.",5,positive
"This product has saved me countless hours of frustration. Worth every penny for the peace of mind.",4,positive
"The thoughtful safety features give me confidence when using this around children.",5,positive
"I've recommended this to my entire family and everyone has had the same positive experience.",5,positive
"This product's flexible configuration options allow me to customize it perfectly for my needs.",5,positive
"The intuitive controls make this accessible for users of all technical skill levels.",4,positive
"I appreciate how responsive the company is to customer feedback for continuous improvement.",5,positive
"This product performs consistently day after day without any degradation in quality.",5,positive
"The attention to user experience details elevates this product above all competitors.",5,positive
"I'm impressed by how thoroughly this product was tested before release. No bugs or issues at all.",4,positive
"This has proven to be much more versatile than I initially expected. Great value!",5,positive
"The intelligent design solutions incorporated make this a joy to use daily.",5,positive
"Perfect balance of form and function. Both beautiful and highly effective.",5,positive
"This product exceeded my expectations in every category: performance, durability, and design.",4,positive
"I appreciate the clear, comprehensive instruction manual that answers all questions.",5,positive
"This has transformed a daily chore into something I actually enjoy doing now.",5,positive
"The company's commitment to quality is evident in every aspect of this product.",5,positive
"I'm particularly impressed with how quiet this operates compared to similar products.",4,positive
"This product has withstood extensive use in challenging conditions without issue.",5,positive
"The thoughtful details incorporated show that real users provided feedback during development.",5,positive
"This product makes a perfect gift - I've given it to several friends who all love it.",5,positive
"I appreciate the minimalist design that doesn't sacrifice functionality.",4,positive
"The consistency of performance is remarkable - works perfectly every single time.",5,positive
"This has improved my efficiency so dramatically that it has actually paid for itself in saved time.",5,positive
"I love that this product continues to be useful in ways I didn't anticipate when purchasing.",5,positive
"The customer service experience was exceptional from pre-purchase questions through follow-up.",4,positive
"This product strikes the perfect balance between advanced technology and user-friendly design.",5,positive
"I appreciate the durability - this has withstood drops and heavy use without issue.",5,positive
"The functionality exceeds what's advertised. I keep discovering new helpful features.",5,positive
"This product has simplified complex tasks that used to take me hours to complete.",4,positive
"The modular design allows for easy maintenance and cleaning. Very well thought out.",5,positive
"I'm impressed by how this product anticipates and addresses common user frustrations.",5,positive
"Perfect blend of innovation and practical functionality. Nothing feels gimmicky or unnecessary.",5,positive
"This product has become an essential tool that I rely on daily for both work and personal life.",4,positive
"The versatility makes this suitable for users with varying needs and experience levels.",5,positive
"I appreciate how the design accommodates different usage styles and preferences.",5,positive
"This product has maintained perfect performance despite heavy daily use for months.",5,positive
"The thoughtful engineering solutions make this incredibly efficient and effective.",4,positive
"I love that this product is built to last rather than designed for planned obsolescence.",5,positive
"This has streamlined my workflow tremendously. A fantastic productivity investment.",5,positive
"The precise controls allow for fine adjustments that make a significant difference in results.",5,positive
"This product actually delivers on all its promises - a rarity these days!",4,positive
"I'm impressed by how intuitive the interface is while still offering advanced features.",5,positive
"This has made what used to be my least favorite task something I now enjoy doing.",5,positive
"The consistent reliability gives me peace of mind when working on important projects.",5,positive
"This product solves multiple problems I didn't even realize could be addressed so effectively.",4,positive
"I appreciate the thoughtful packaging that ensures safe delivery and reduces waste.",5,positive
"This product represents exceptional value for the quality and functionality provided.",5,positive
"The elegant engineering solutions make complex operations simple and intuitive.",5,positive
"This has become indispensable in my daily routine. I can't imagine going back to my old methods.",4,positive
"I'm particularly impressed with how adaptable this is to different usage scenarios.",5,positive
"The quality control is evident - everything works perfectly right out of the box.",5,positive
"This product combines the best features of competitors while eliminating common pain points.",5,positive
"I appreciate the ongoing support and updates that continue to improve functionality.",4,positive
"This has improved my results dramatically. The difference in quality is immediately noticeable.",5,positive
"The thoughtful design makes this accessible for users with varying physical abilities.",5,positive
"This product offers incredible precision that has elevated the quality of my work.",5,positive
"I'm impressed by how well this integrates into my existing workflow and systems.",4,positive
"The robust construction inspires confidence that this will serve me well for years.",5,positive
"This product maintains consistent performance even under challenging conditions.",5,positive
"I appreciate the ethical manufacturing practices and sustainable materials used.",5,positive
"This has simplified complex processes that used to require multiple tools or steps.",4,positive
"The intuitive design makes what used to be complicated tasks simple and efficient.",5,positive
"This product consistently exceeds expectations in performance and reliability.",5,positive
"I'm particularly impressed with how efficiently this operates while conserving energy.",5,positive
"The thoughtful safety features provide peace of mind during operation.",4,positive
"This product delivers professional-quality results even for beginners.",5,positive
"The adaptable design makes this suitable for a wide range of applications and environments.",5,positive
"This has revolutionized my approach to this task. I can't believe I waited so long to purchase it.",5,positive
"I appreciate the comprehensive documentation that helps maximize the product's potential.",4,positive
"The exceptional build quality is apparent from the moment you unbox this product.",5,positive
"This product maintains consistent performance regardless of environmental conditions.",5,positive
"I'm impressed by how thoughtfully designed every aspect of the user experience is.",5,positive
"The versatility of this product has allowed me to eliminate several other tools from my collection.",4,positive
"This has improved my efficiency to the point where it's paid for itself many times over.",5,positive
"The intuitive interface requires minimal learning time before achieving expert results.",5,positive
"This product combines innovative technology with practical, user-focused design.",5,positive
"I appreciate the attention to ergonomics that makes this comfortable for extended use.",4,positive
"The consistent reliability makes this an essential tool I can always depend on.",5,positive
"This product has transformed a daily chore into a quick, simple task.",5,positive
"I'm particularly impressed with the thoughtful details that enhance the user experience.",5,positive
"The precision engineering delivers results that exceed what I thought possible in this price range.",4,positive
"This has become my standard recommendation whenever friends ask about similar products.",5,positive
"The elegant design solutions make this both beautiful and highly functional.",5,positive
"This product delivers exceptional value through superior performance and durability.",5,positive
"I appreciate the responsive controls that provide immediate feedback during operation.",4,positive
"The thoughtful accessories included enhance the overall experience significantly.",5,positive
"This product represents the perfect balance of quality, performance, and value.",5,positive
"I'm impressed by how well this handles even the most challenging situations with ease.",5,positive
"The intuitive design makes this accessible for users of all experience levels.",4,positive
"This has dramatically improved my results while simultaneously saving me time.",5,positive
"The premium materials used justify the price through exceptional durability and performance.",5,positive
"This product continues to impress me with its versatility and adaptability.",5,positive
"I appreciate the clear attention to user safety in every aspect of the design.",4,positive
"The consistent performance gives me confidence when working on important projects.",5,positive
"This product solves problems I didn't even know could be addressed so effectively.",5,positive
"I'm particularly impressed with the thoughtful integration of advanced features.",5,positive
"The elegant engineering solutions make complex operations simple and intuitive.",4,positive
"This has become an essential tool that I rely on daily for optimal results.",5,positive
"The precision controls allow for fine adjustments that make a significant difference.",5,positive
"This product delivers exceptional performance across a wide range of conditions.",5,positive
"I appreciate the minimal maintenance required to keep this performing optimally.",4,positive
"The thoughtful design touches elevate this from good to exceptional.",5,positive
"This product consistently performs beyond expectations in every scenario.",5,positive
"I'm impressed by how this anticipates and addresses common user pain points.",5,positive
"The versatile functionality makes this suitable for both beginners and professionals.",4,positive
"This has simplified processes that used to require specialized knowledge or training.",5,positive
"The intuitive interface makes complex operations accessible and straightforward.",5,positive
"This product delivers consistent, reliable results regardless of conditions.",5,positive
"I appreciate the thoughtful engineering that makes maintenance simple and quick.",4,positive
"The exceptional build quality inspires confidence in long-term durability.",5,positive
"This product represents the perfect balance of innovative technology and practical usability.",5,positive
"I'm particularly impressed with the attention to detail in both design and functionality.",5,positive
"The versatile configuration options allow this to adapt perfectly to my specific needs.",4,positive
"This has eliminated frustrations I had previously accepted as unavoidable in this process.",5,positive
"The intuitive controls make this accessible even for those with limited technical skills.",5,positive
"This product maintains consistent performance regardless of duration or intensity of use.",5,positive
"I appreciate how this integrates seamlessly with my existing tools and workflows.",4,positive
"The thoughtful safety features provide peace of mind during operation.",5,positive
"This product delivers professional-quality results consistently and reliably.",5,positive
"I'm impressed by how this transforms a complicated process into something simple and enjoyable.",5,positive
"The elegant design solutions address common pain points I've experienced with similar products.",4,positive
"This has become essential to my daily routine due to its reliability and effectiveness.",5,positive
"The precision engineering results in performance that exceeds what I thought possible.",5,positive
"This product represents exceptional value through superior performance and durability.",5,positive
"I appreciate the company's responsive customer service and ongoing product support.",4,positive
"The thoughtful design makes this accessible for users with varying physical abilities.",5,positive
"This product consistently delivers results that exceed my expectations.",5,positive
"I'm particularly impressed with how this maintains performance over extended use periods.",5,positive
"The intuitive interface makes complex operations simple and straightforward.",4,positive
"This has significantly improved both my efficiency and the quality of my results.",5,positive
"The premium construction inspires confidence in the product's longevity.",5,positive
"This product delivers exceptional value through its versatility and adaptability.",5,positive
"I appreciate the ongoing updates that continue to enhance functionality over time.",4,positive
"The thoughtful engineering solutions address common user frustrations effectively.",5,positive
"This product maintains consistent performance even in challenging environments.",5,positive
"I'm impressed by how this anticipates and accommodates different user preferences.",5,positive
"The elegant design makes this both aesthetically pleasing and highly functional.",4,positive
"Complete waste of money. Broke after less than a week of normal use.",1,negative
"The product arrived damaged and customer service refused to help. Terrible experience from start to finish.",1,negative
"Do not believe the positive reviews. This is cheaply made and functions poorly.",1,negative
"The description is completely misleading. What I received looks nothing like the pictures.",1,negative
"Worst purchase I've made this year. Regretted it immediately after opening the package.",1,negative
"Save your money and look elsewhere. This product is a complete disappointment.",1,negative
"The build quality is atrocious. Feels like it will fall apart any minute.",1,negative
"Instructions were incomprehensible and customer support was unhelpful when I called for assistance.",1,negative
"The advertised features simply don't work as described. I feel misled by the marketing.",2,negative
"This product stopped functioning after only three uses. Completely unreliable.",1,negative
"The app constantly crashes and makes the product nearly unusable.",1,negative
"Extremely disappointed with both the product quality and customer service response.",1,negative
"The design has a major flaw that makes it frustrating to use on a daily basis.",2,negative
"Overpriced for such poor performance. I've used much better products at half the cost.",1,negative
"I returned this immediately. Couldn't believe how poorly made it was.",1,negative
"The battery drains completely within hours, despite claims of multi-day charge.",1,negative
"This is dangerous! The product overheated during normal use and nearly caused a fire.",1,negative
"The interface is confusing and unintuitive. Prepare for a steep learning curve.",2,negative
"None of the advertised 'smart' features actually work properly.",1,negative
"After one month, it's already showing significant signs of wear and deterioration.",1,negative
"The noise level is unbearable. Much louder than advertised or reviewed.",1,negative
"Customer service was dismissive of my legitimate concerns about product defects.",1,negative
"The materials smell strongly of chemicals even after weeks of airing out.",2,negative
"Several important parts were missing from the package with no way to obtain replacements.",1,negative
"Despite following all care instructions, this product deteriorated rapidly.",1,negative
"The size is much smaller than appears in the product images. I feel deceived.",2,negative
"Save yourself the headache and avoid this product completely.",1,negative
"This is the third replacement I've received, and all had the same defect.",1,negative
"The components are flimsy and break easily under normal use conditions.",1,negative
"This product is significantly lower quality than previous models from the same company.",2,negative
"The software is buggy and frequently needs to be reset, losing all settings.",1,negative
"I wasted hours trying to make this work before giving up completely.",1,negative
"The product arrived with obvious signs of previous use. Definitely not new as advertised.",1,negative
"Extremely difficult to clean and maintain, despite claims of easy care.",2,negative
"The power cord is ridiculously short, making placement options very limited.",1,negative
"After less than a month, it started making an alarming grinding noise.",1,negative
"The warranty process is intentionally complicated to discourage returns.",1,negative
"This is clearly designed to break quickly and force replacement purchases.",1,negative
"The product retains water and developed mold within weeks, despite regular cleaning.",1,negative
"Absolutely nothing like the advertisement. Complete waste of money.",1,negative
"The customer service representatives were rude and unhelpful when I reported issues.",1,negative
"This managed to both underperform AND be overpriced. Impressive in the worst way.",2,negative
"The controls stopped responding after minimal use. Completely unreliable.",1,negative
"The materials cause skin irritation, which is not mentioned anywhere in the description.",1,negative
"I've never been so disappointed with an online purchase. Complete junk.",1,negative
"Functionality is severely limited compared to competitors at the same price point.",2,negative
"The design flaw is so obvious that I'm shocked this passed quality control.",1,negative
"Instructions were missing crucial steps, resulting in damage during assembly.",1,negative
"The product arrived three weeks late and still managed to disappoint when it finally showed up.",2,negative
"Everything about this feels cheap and hastily manufactured.",1,negative
"The product is unnecessarily complicated to use with no added benefit.",1,negative
"Multiple parts broke during the first use, despite gentle handling.",1,negative
"This is clearly a much lower quality version than what was previously sold under the same name.",1,negative
"The app constantly disconnects from the device, rendering smart features useless.",2,negative
"I cannot believe this passed any sort of quality control inspection.",1,negative
"The design actually makes the problem it claims to solve even worse.",1,negative
"After contacting customer service three times, I still have no resolution to obvious defects.",1,negative
"The color faded dramatically after just one washing, despite following care instructions.",2,negative
"The product emits a strange odor during operation that permeates the entire room.",1,negative
"This is poorly designed and clearly not tested in real-world conditions.",1,negative
"The buttons stopped working after two weeks of very light use.",1,negative
"I regret this purchase more than any other I've made this year.",1,negative
"The advertised 'premium materials' are actually cheap plastic with a metallic paint.",2,negative
"This product fails at its most basic function. Completely useless.",1,negative
"Within days, the finish began peeling off to reveal cheap material underneath.",1,negative
"The company deleted my negative review from their website. Very deceptive practices.",1,negative
"This product is so bad that I questioned whether I received a counterfeit version.",2,negative
"Despite multiple attempts at troubleshooting with customer service, the product still doesn't work.",1,negative
"The seams split apart after just three uses. Incredibly poor construction.",1,negative
"This product clearly wasn't designed by someone who actually uses this type of item.",1,negative
"The motor makes an alarming noise and vibrates excessively during normal operation.",2,negative
"Several critical design flaws make this frustrating to use on a daily basis.",1,negative
"I'm returning this immediately. Complete waste of time and money.",1,negative
"The quality has dramatically declined from previous versions of this product.",1,negative
"The materials are so flimsy that I'm afraid to use it as intended.",2,negative
"This product created more problems than it solved. Not worth the frustration.",1,negative
"The accuracy is terrible. Readings vary wildly from one minute to the next.",1,negative
"This clearly wasn't tested before being rushed to market.",1,negative
"I received a used and repackaged item sold as new. Unacceptable business practice.",1,negative
"Not a single feature performs as well as advertised.",2,negative
"The company's quality control is nonexistent based on what I received.",1,negative
"This is the worst product I've purchased in this category. Avoid at all costs.",1,negative
"The design is completely impractical for its intended purpose.",1,negative
"After one week, it started leaking and damaged my furniture.",1,negative
"This product is dangerously defective and should be recalled immediately.",1,negative
"The connection is unstable and disconnects randomly during use.",2,negative
"I've never seen such poor craftsmanship in a product at this price point.",1,negative
"False advertising - many features mentioned in the description don't actually exist.",1,negative
"The screen developed dead pixels within days of normal use.",1,negative
"This product is so frustrating to use that I've given up entirely.",2,negative
"The company uses deceptive marketing tactics to hide the product's limitations.",1,negative
"Cheapest materials possible used in construction. Will not last.",1,negative
"This is clearly designed for planned obsolescence rather than durability.",1,negative
"The product becomes dangerously hot during normal operation.",1,negative
"Don't be fooled by the attractive photos. The actual product is disappointing.",2,negative
"The customer service team blamed me for their defective product. Unbelievable experience.",1,negative
"This product fails to deliver on even its most basic promised functionality.",1,negative
"Despite the premium price, this feels like a cheap knockoff.",1,negative
"The company ignores emails about defects and warranty claims.",1,negative
"Multiple design flaws make this product frustrating to use daily.",2,negative
"The so-called water-resistant feature failed immediately upon first exposure to moisture.",1,negative
"This product lasted exactly one day beyond the return window before breaking completely.",1,negative
"The performance degrades dramatically after just a few weeks of use.",1,negative
"This has to be the most disappointing purchase I've made online ever.",2,negative
"The product makes simple tasks unnecessarily complicated and time-consuming.",1,negative
"Complete waste of money. Look elsewhere for better quality and service.",1,negative
"I'm amazed that this product has any positive reviews. Completely dysfunctional.",1,negative
"The voice recognition feature works maybe 10% of the time, rendering it useless.",1,negative
"This product is frustratingly inconsistent in its performance.",2,negative
"The battery life is less than a quarter of what is advertised.",1,negative
"This arrived with multiple cosmetic defects and functional issues.",1,negative
"Absolutely not worth the price. I feel completely ripped off.",1,negative
"Would give zero stars if possible. Completely unsatisfied with this purchase.",1,negative
"This product was clearly designed without any user testing or feedback.",2,negative
"I've been waiting weeks for replacement parts that customer service promised.",1,negative
"The materials cause allergic reactions, which isn't mentioned anywhere in the product description.",1,negative
"This is so poorly designed that it creates more problems than it solves.",1,negative
"The app is required for basic functions but is buggy and poorly developed.",2,negative
"Even with the instruction manual, it's impossible to make this work properly.",1,negative
"I purchased this based on positive reviews but suspect many of them are fake.",1,negative
"The product arrived looking nothing like the online images. Completely misrepresented.",1,negative
"Good concept but horrible execution. So many obvious design flaws.",2,negative
"This product stopped working exactly one week after the warranty expired.",1,negative
"The construction is so flimsy that it broke during normal, gentle use.",1,negative
"This was clearly designed to look good in photos rather than function well in reality.",1,negative
"After multiple attempts at contacting customer service, I've given up on support.",2,negative
"Not a single feature of this product works as advertised.",1,negative
"The interface is counterintuitive and frustrating to use daily.",1,negative
"This product is a perfect example of style over substance. Looks good, works terribly.",1,negative
"The sharp edges on this product are actually dangerous. Poor design choice.",2,negative
"I've had multiple issues with this product that should have been caught in quality control.",1,negative
"The product arrived in pieces and customer service refused replacement.",1,negative
"This fails at even the most basic functions it claims to perform.",1,negative
"The connection drops constantly, making the smart features completely useless.",2,negative
"I expected basic functionality at minimum, but even that was too much to ask.",1,negative
"This product is so poorly made that it's actually impressive in a sad way.",1,negative
"The company must know this product is defective yet continues to sell it.",1,negative
"So many design flaws that I don't even know where to begin.",2,negative
"This product is nothing but frustration from unboxing to attempted use.",1,negative
"Completely unusable due to major design and functionality issues.",1,negative
"The company deleted my honest review from their website. Very sketchy practices.",1,negative
"The battery leaked after minimal use, damaging the entire unit.",1,negative
"This has the worst user interface I've ever experienced in a modern product.",2,negative
"The product shuts down randomly during use with no warning.",1,negative
"Save yourself time, money, and frustration by avoiding this product entirely.",1,negative
"The automated customer service system prevents reaching an actual human for help.",1,negative
"This product was clearly never tested in real-world conditions before release.",2,negative
"Looking at the materials and build quality, this should cost half the price at most.",1,negative
"The item I received looks like a cheap knockoff of the advertised product.",1,negative
"I'm returning this immediately and warning friends against purchasing.",1,negative
"The functionality deteriorated rapidly after just a few uses.",2,negative
"This product manages to be simultaneously overpriced and underperforming.",1,negative
"The company refused to honor the warranty when the product failed prematurely.",1,negative
"Cheapest possible components used in a supposedly premium product.",1,negative
"The product becomes unusably hot during normal operation. Potential safety hazard.",2,negative
"Absolutely nothing about this product works as described in the marketing materials.",1,negative
"This item was dead on arrival and customer service was no help whatsoever.",1,negative
"The materials used cause skin irritation with prolonged contact.",1,negative
"This product is actively detrimental to the task it claims to assist with.",2,negative
"I've never seen such poor quality control in a commercially available product.",1,negative
"The design is completely impractical for everyday use and creates unnecessary complications.",1,negative
"This product makes annoying noises during operation that weren't mentioned in any reviews.",1,negative
"Even basic functionality is compromised by poor design decisions.",2,negative
"The product feels like a prototype that wasn't ready for market release.",1,negative
"I've tried everything suggested by customer service but nothing resolves the core issues.",1,negative
"This product has so many bugs and glitches that it's practically unusable.",1,negative
"The materials started degrading after minimal exposure to normal conditions.",2,negative
"This has to be the worst designed product I've purchased in the last decade.",1,negative
"Nearly impossible to clean properly, leading to hygiene concerns over time.",1,negative
"The product arrived with missing components and no clear way to obtain replacements.",1,negative
"I'm shocked that this passed any form of safety testing before release.",2,negative
"The advertised durability is a complete fabrication based on my experience.",1,negative
"This product is an exercise in frustration from setup to daily use.",1,negative
"The user manual contains critical errors that lead to improper assembly and use.",1,negative
"This seems intentionally designed to be difficult to repair when it inevitably breaks.",2,negative
"Not a single aspect of this product lives up to the marketing claims.",1,negative
"The companion app constantly crashes and loses all custom settings.",1,negative
"Absolutely the worst customer support I've ever encountered when reporting product issues.",1,negative
"This product has multiple design flaws that make it dangerous to use as intended.",1,negative
"The accuracy is so poor that it's actually worse than having no measurement at all.",2,negative
"Multiple components failed within weeks of normal, careful use.",1,negative
"Despite numerous troubleshooting attempts, this product refuses to function properly.",1,negative
"The design ignores basic ergonomic principles, making it uncomfortable to use.",1,negative
"This product creates more problems than it solves. Complete waste of money.",2,negative
"I'm returning this immediately. Not worth the frustration or disappointment.",1,negative
"The shipping packaging was insufficient, resulting in damage during transit.",1,negative
"This product is the definition of form over function. Looks nice, works terribly.",1,negative
"None of the advertised smart features actually work as described.",2,negative
"The build quality is so poor that I'm afraid it might be dangerous to use.",1,negative
"This product has a fundamental design flaw that makes it virtually unusable.",1,negative
"The battery life is abysmal - less than 20% of what is claimed in the description.",1,negative
"There's an obvious manufacturing defect that affects all units of this model.",2,negative
"This product stopped working after the first use despite following all instructions carefully.",1,negative
"The company uses bait-and-switch tactics with features that don't actually exist.",1,negative
"I've never been so disappointed with a purchase. Complete waste of money.",1,negative
"The interface is needlessly complicated and unintuitive to use.",2,negative
"This product barely functioned out of the box and completely failed within a week.",1,negative
"The product gets dangerously hot during normal operation. Potential fire hazard.",1,negative
"Nearly impossible to assemble correctly despite following the instructions exactly.",1,negative
"This product is uncomfortable and even painful to use for its intended purpose.",2,negative
"The finish started chipping off immediately, revealing cheap material underneath.",1,negative
"This product feels like it was designed by someone who never actually used it.",1,negative
"The performance is inconsistent at best and completely fails at worst.",1,negative
"I cannot believe this product passed any form of quality control testing.",2,negative
"Every interaction with this company has been frustrating from purchase to support.",1,negative
"The so-called premium features are just basic functions that barely work.",1,negative
"This is poorly designed, poorly manufactured, and poorly supported.",1,negative
"The product deteriorated so quickly that I question the materials used.",2,negative
"Complete waste of money with no redeeming qualities whatsoever.",1,negative
"I had higher expectations for a product in this price range. Extremely disappointing.",1,negative
"The company must be aware of these issues yet continues to sell this defective product.",1,negative
"This product looks cheaply made and functions even worse than it looks.",2,negative
"I regret this purchase more than any other I've made online.",1,negative
"Not a single feature works as advertised. Complete disappointment.",1,negative
"The product started malfunctioning immediately after the return window closed.",1,negative
"Anyone giving this product positive reviews must be getting paid to do so.",2,negative
"I've tried multiple troubleshooting steps but nothing resolves the fundamental issues.",1,negative
"The product is dangerous to use due to multiple design and manufacturing flaws.",1,negative
"This doesn't even perform the basic function it was designed for.",1,negative
"The app is buggy and crashes constantly, making the product unusable.",2,negative
"I expected basic functionality for this price, but apparently that was too much to ask.",1,negative
"The company uses deceptive marketing to misrepresent this product's capabilities.",1,negative
"I couldn't be more disappointed with both the product and customer service.",1,negative
"This is simply not fit for purpose. Complete waste of money.",2,negative
"The product feels cheap and flimsy despite the premium price tag.",1,negative
"This has to be the worst user interface I've ever encountered in a modern product.",1,negative
"Poor quality control has resulted in a product that's dangerous to use.",1,negative
"I wouldn't recommend this product to my worst enemy. That's how bad it is.",2,negative
"The product arrived damaged and replacement was just as defective.",1,negative
"The battery life is a fraction of what's advertised in the product description.",1,negative
"This product has multiple serious design flaws that make it frustrating to use.",1,negative
"Save your money. This product consistently fails at basic functions.",2,negative
"The company seems to have cut every possible corner in manufacturing this product.",1,negative
"Despite the premium price, this performs worse than budget alternatives.",1,negative
"Cheapest possible materials used in what's marketed as a premium product.",1,negative
"This product has the worst design I've seen in this category.",2,negative
"I've never had a product fail so completely at its intended purpose.",1,negative
"The company deleted my legitimate negative review from their website twice.",1,negative
"Absolutely nothing about this product functions as described or advertised.",1,negative
"This is both overpriced and underperforming. Worst combination possible.",2,negative
"The build quality is so poor that it broke during normal, gentle use.",1,negative
"I'm returning this immediately and warning friends to avoid this brand entirely.",1,negative
"This product creates more problems than it claims to solve.",1,negative
"Defective by design and poorly supported by customer service.",2,negative
"I've never been so disappointed with an online purchase before.",1,negative
"The product barely functioned for a week before completely failing.",1,negative
"Instructions are incomprehensible and customer service couldn't help either.",1,negative
"This product has to be the biggest waste of money I've spent this year.",2,negative
"I'm shocked that this is legally allowed to be sold in its current state.",1,negative
"The product's poor design actually makes the original problem worse.",1,negative
"This has so many fundamental flaws that I don't know where to begin.",1,negative
"I question whether this product underwent any testing before release.",2,negative
"The company's quality control is nonexistent based on what I received.",1,negative
"Absolutely nothing about this product works as expected or advertised.",1,negative
"I've never experienced such poor customer service when reporting legitimate issues.",1,negative
"This product is dangerously defective and should be recalled immediately.",2,negative
"The design shows a complete lack of understanding of basic user needs.",1,negative
"I've tried everything suggested but this product simply refuses to work properly.",1,negative
"Multiple features stopped working after minimal use despite careful handling.",1,negative
"Save yourself the frustration and avoid this product completely.",2,negative
"This product manages to be both expensive and cheaply made.",1,negative
"I cannot believe how poorly designed and manufactured this product is.",1,negative
"The company must be aware of these serious flaws yet continues selling it.",1,negative
"This product failed in spectacular fashion after minimal normal use.",2,negative
"I've never seen a product with so many obvious design flaws reach the market.",1,negative
"The materials used are far below the quality suggested by the price point.",1,negative
"This product doesn't even perform its most basic advertised function.",1,negative
"Multiple components were missing from the package with no resolution offered.",2,negative
"I'm amazed that this product has any positive reviews given its serious flaws.",1,negative
"The battery drains completely even when the device isn't being used.",1,negative
"This product is nothing but disappointment and frustration from start to finish.",1,negative
"Even at half the price, this would still be a complete ripoff.",2,negative
"I've never seen such poor quality in a product at this price point.",1,negative
"The company's customer service blamed me for their defective product.",1,negative
"This product has a fundamental design flaw that renders it practically useless.",1,negative
"Multiple safety issues make this product dangerous to use as intended.",2,negative
"I would give this zero stars if possible. Complete waste of money.",1,negative
"The product literally fell apart during gentle, normal use.",1,negative
"This product became unusable after less than a week of light use.",1,negative
"Numerous design flaws make this product frustrating to use daily.",2,negative
"I received a clearly used item sold as new. Unacceptable business practice.",1,negative
"The product arrived damaged and customer service refused to help.",1,negative
"This has to be the worst designed product I've ever purchased.",1,negative
"The materials used cause skin irritation which isn't mentioned anywhere.",2,negative
"This product failed immediately after the return period expired.",1,negative
"I've tried every troubleshooting step suggested with no improvement.",1,negative
"The quality is so poor that I question how this company stays in business.",1,negative
"This product was clearly rushed to market without proper testing.",2,negative
"I'm returning this immediately. Complete waste of time and money.",1,negative
"The performance is so poor that it's actually worse than having no product at all.",1,negative
"The design is completely impractical for its intended purpose.",1,negative